prompt,completion
"Analyze the smart contract code for potential reentrancy vulnerabilities (SC01:2023). Identify any external calls that are made before updating the contract's state. Suggest using the Checks-Effects-Interactions pattern and implementing reentrancy guards.","The smart contract has a reentrancy vulnerability in the `withdrawBalance` function. The function sends the user's balance to their address using the `send` function before updating the user's balance to zero. This allows an attacker to recursively call the `withdrawBalance` function before the balance update takes place potentially draining the contract's funds. To mitigate this vulnerability the contract should follow the Checks-Effects-Interactions (CEI) pattern. The CEI pattern ensures that the contract's state is updated before making any external calls. In this case the user's balance should be set to zero before sending the funds. Additionally the contract can implement a reentrancy guard such as OpenZeppelin's `ReentrancyGuard` which prevents recursive calls to the same function."
"Review the smart contract code for integer overflow and underflow vulnerabilities (SC02:2023). Identify any arithmetic operations that could result in unexpected behavior due to overflow or underflow. Recommend using safe math libraries or explicit checks to prevent these vulnerabilities.","The smart contract is susceptible to integer overflow and underflow vulnerabilities in the `transfer` function. The function performs arithmetic operations on the `balances` mapping without any checks for overflow or underflow. If the `amount` parameter is large enough it could cause an overflow leading to unexpected behavior. To mitigate this vulnerability the contract should use a safe math library such as OpenZeppelin's SafeMath which performs arithmetic operations with built-in overflow and underflow checks. Alternatively explicit checks can be added to ensure that the result of the arithmetic operation does not exceed the maximum or minimum possible values."
"Examine the smart contract code for timestamp dependence vulnerabilities (SC03:2023). Identify any reliance on block timestamps for critical functionality. Recommend using block numbers or an oracle for time-dependent operations.","The smart contract relies on block timestamps for determining the start and end times of the crowdsale in the `startSale` and `endSale` functions. However block timestamps can be manipulated by miners to a certain extent which can lead to vulnerabilities and unexpected behavior. An attacker could potentially manipulate the timestamp to bypass time-based restrictions or gain unintended advantages. To mitigate this vulnerability the contract should consider using block numbers instead of timestamps for time-dependent operations. Block numbers are more reliable and resistant to manipulation. Alternatively if timestamps are necessary the contract can use an oracle to obtain a trusted and tamper-proof timestamp from an external source."
"Review the smart contract code for access control vulnerabilities (SC04:2023). Identify any functions or variables that have incorrect or missing access modifiers. Recommend using appropriate access modifiers (`public` `private` `internal`) and implementing role-based access control.","The smart contract has an access control vulnerability in the `setOwner` function. The function allows any caller to change the owner of the contract without any access control. This could lead to unauthorized modifications and loss of control over the contract. To mitigate this vulnerability the contract should implement an `onlyOwner` modifier that restricts access to the `setOwner` function only to the current owner. Additionally consider using a role-based access control system such as OpenZeppelin's AccessControl to define and manage different roles and permissions within the contract."
"Analyze the smart contract code for potential front-running vulnerabilities (SC05:2023). Identify any opportunities for malicious actors to manipulate transaction ordering for personal gain. Suggest using a commit-reveal scheme or a fair ordering mechanism to mitigate front-running risks.","The smart contract is vulnerable to front-running attacks in the `buyToken` function. The function relies on the transaction ordering to determine the price and availability of tokens. An attacker can monitor the transaction pool and quickly submit their own transaction with a higher gas price to have it mined before the original transaction. This allows the attacker to purchase tokens at a lower price or deplete the available supply before other users. To mitigate this vulnerability the contract can implement a commit-reveal scheme. In a commit-reveal scheme users submit a cryptographic commitment of their intended action (e.g. buying tokens) in one transaction and then reveal the actual action in a separate transaction. This makes it difficult for attackers to manipulate the transaction ordering. Alternatively using a fair ordering mechanism such as a batch auction or a time-weighted average price (TWAP) can help mitigate front-running risks."
"Review the smart contract code for potential denial of service (DoS) vulnerabilities (SC06:2023). Identify any code patterns or dependencies that could be exploited to disrupt contract functionality. Suggest implementing gas limits pagination or circuit breakers to prevent DoS attacks.","The smart contract has a potential denial of service vulnerability in the `distributeRewards` function. The function loops through an array of user addresses to distribute rewards. If the array becomes very large the function may consume excessive gas and exceed the block gas limit causing the transaction to fail. An attacker could exploit this vulnerability by creating a large number of user accounts making it impossible to distribute rewards. To mitigate this vulnerability the contract should implement pagination or batching techniques to process the array in smaller chunks. Additionally setting a gas limit for the function or implementing a circuit breaker mechanism that pauses the distribution process if a certain condition is met can help prevent denial of service attacks."
"Examine the smart contract code for logic errors (SC07:2023). Identify any flaws in the contract's logic that could lead to unintended behavior or incorrect results. Suggest thorough testing and formal verification to ensure the correctness of the contract's logic.","The smart contract has a logic error in the `calculateBonus` function. The function calculates the bonus amount based on the user's balance and a bonus percentage. However the function uses the `>` operator instead of the `>=` operator when comparing the user's balance with the threshold values. This means that users with balances exactly equal to the threshold values will not receive the corresponding bonus. To mitigate this logic error the contract should use the `>=` operator to ensure that users with balances equal to or greater than the threshold values receive the appropriate bonus. Additionally thorough testing and formal verification techniques such as model checking or theorem proving can help identify and eliminate logic errors in the contract."
"Review the smart contract code for insecure randomness vulnerabilities (SC08:2023). Identify any usage of weak or predictable sources of randomness. Recommend using secure and tamper-proof sources of randomness such as Chainlink VRF.","The smart contract uses the `block.timestamp` and `block.difficulty` variables to generate random numbers in the `generateLotteryNumber` function. However these block variables are not suitable for generating secure randomness because they can be influenced by miners. Miners have some control over the timestamp and difficulty of a block which means they can manipulate the random number generation to their advantage. This vulnerability allows miners or attackers to predict or bias the lottery results. To mitigate this vulnerability the contract should use a secure random number generator such as Chainlink VRF (Verifiable Random Function). Chainlink VRF provides a decentralized and tamper-proof way to generate random numbers that cannot be influenced by miners or external parties. It ensures fair and unbiased randomness for critical operations like lottery drawings."
"Analyze the smart contract code for gas limit vulnerabilities (SC09:2023). Identify any code patterns or operations that may consume excessive gas and exceed the block gas limit. Suggest optimizing gas usage and implementing gas-efficient coding practices.","The smart contract has a gas limit vulnerability in the `processPayments` function. The function iterates over an array of payments and processes each payment individually. If the array contains a large number of payments the function may consume a significant amount of gas and potentially exceed the block gas limit. This could result in the transaction failing and the payments not being processed. To mitigate this vulnerability the contract should optimize its gas usage by minimizing the number of storage writes and using gas-efficient data structures. For example instead of storing each payment separately the contract could use a mapping to keep track of the total amount owed to each recipient. Additionally the contract could implement pagination or batching techniques to process the payments in smaller chunks reducing the gas consumption per transaction."
"Review the smart contract code for unchecked external calls vulnerabilities (SC10:2023). Identify any external calls to untrusted contracts or unverified addresses. Recommend using the 'call' function with limited gas and proper error handling.","The smart contract has an unchecked external call vulnerability in the `withdrawFunds` function. The function sends the contract's balance to an address specified by the `recipient` parameter without verifying the trustworthiness of the recipient address. If the `recipient` address is an untrusted or malicious contract it can execute arbitrary code and potentially drain the contract's funds. To mitigate this vulnerability the contract should avoid sending funds directly to an external address. Instead it should use the `call` function with a limited gas amount and proper error handling. The `call` function returns a boolean value indicating the success or failure of the external call. The contract should check this return value and handle any errors accordingly. Additionally the contract can implement a whitelist of trusted addresses or use a contract registry to verify the legitimacy of the recipient address before allowing the fund transfer."
"Examine the smart contract code for potential reentrancy vulnerabilities (SC01:2023). Identify any external calls that could be exploited by an attacker to drain funds. Suggest mitigation strategies to prevent reentrancy attacks.","The smart contract contains a reentrancy vulnerability in the `withdraw` function. The function sends the requested amount to the caller before updating the balance allowing an attacker to recursively call the function and drain the contract's funds. To mitigate this vulnerability the contract should follow the Checks-Effects-Interactions pattern ensuring that the balance is updated before making the external call. Additionally using a reentrancy guard or a mutex lock can prevent recursive calls and protect against reentrancy attacks."
"Analyze the smart contract code for timestamp dependence vulnerabilities (SC03:2023). Identify any reliance on block timestamps for critical functionality. Recommend using block numbers or an oracle for time-dependent operations.","The smart contract uses block timestamps to determine the expiration time of user sessions in the `createSession` and `isSessionExpired` functions. However block timestamps can be manipulated by miners to a certain extent which can lead to vulnerabilities. An attacker could potentially manipulate the timestamp to extend their session duration beyond the intended expiration time. To mitigate this vulnerability the contract should consider using block numbers instead of timestamps for session expiration. Block numbers are more reliable and resistant to manipulation. Alternatively if timestamps are necessary the contract can use an oracle to obtain a trusted and tamper-proof timestamp. The contract should also implement additional checks such as limiting the maximum session duration and allowing users to manually expire their sessions."
"Examine the smart contract code for access control vulnerabilities (SC04:2023). Identify any functions or variables that lack proper access control mechanisms. Suggest implementing appropriate modifiers or role-based access control to restrict unauthorized access.","The smart contract has an access control vulnerability in the `transferOwnership` function. The function allows the current owner to transfer ownership of the contract to a new address without any restrictions. This could lead to accidental or malicious transfers of ownership to unauthorized parties. To mitigate this vulnerability the contract should implement additional access control mechanisms. For example the contract could require the new owner to confirm the ownership transfer by calling a separate `acceptOwnership` function. Additionally the contract could enforce a time delay between the ownership transfer request and the actual transfer to allow for a grace period during which the current owner can cancel the transfer if necessary. Implementing role-based access control using libraries like OpenZeppelin's AccessControl can also help manage and restrict access to critical functions."
"Review the smart contract code for potential front-running vulnerabilities (SC05:2023). Identify any opportunities for malicious actors to manipulate transaction ordering for personal gain. Suggest using a commit-reveal scheme or a fair ordering mechanism to mitigate front-running risks.","The smart contract is vulnerable to front-running attacks in the `placeBid` function of the auction contract. The function allows users to place bids by sending a transaction with the bid amount. However an attacker can monitor the transaction pool and front-run legitimate bids by submitting their own bid with a higher gas price. This allows the attacker to have their bid processed first potentially winning the auction even if their bid is not the highest. To mitigate this vulnerability the contract can implement a commit-reveal scheme. In the commit phase users submit a hash of their bid along with a deposit. In the reveal phase users submit the actual bid value. This prevents attackers from seeing and front-running bids. Alternatively the contract can use a fair ordering mechanism such as a first-come-first-serve basis or a time-weighted average price (TWAP) to determine the winning bid."
"Analyze the smart contract code for potential denial of service (DoS) vulnerabilities (SC06:2023). Identify any code patterns or dependencies that could be exploited to disrupt contract functionality. Suggest implementing gas limits pagination or circuit breakers to prevent DoS attacks.","The smart contract has a potential DoS vulnerability in the `addToWhitelist` function. The function allows the contract owner to add multiple addresses to the whitelist by passing an array of addresses. However if the array is very large adding all the addresses in a single transaction may exceed the block gas limit causing the transaction to fail. An attacker could exploit this by submitting a large number of addresses to be added to the whitelist effectively preventing any further addresses from being added. To mitigate this vulnerability the contract should implement pagination or batch processing. Instead of adding all the addresses in a single transaction the contract could limit the number of addresses that can be added per transaction. Additionally the contract could implement a circuit breaker mechanism that allows the contract owner to pause the whitelisting process if necessary."
"Review the smart contract code for logic errors (SC07:2023). Identify any flaws in the contract's logic that could lead to unintended behavior or incorrect results. Suggest thorough testing and formal verification to ensure the correctness of the contract's logic.","The smart contract has a logic error in the `claimReward` function. The function calculates the reward amount based on the user's balance and a reward rate. However the function uses the `*` operator instead of the `/` operator when calculating the reward. This means that the reward amount will be significantly larger than intended potentially draining the contract's funds. To mitigate this logic error the contract should use the `/` operator to divide the user's balance by the reward rate. Additionally the contract should undergo thorough testing and formal verification to identify and eliminate any logic errors. Techniques such as unit testing integration testing and property-based testing can help catch logical flaws. Formal verification methods such as model checking and theorem proving can provide mathematical guarantees about the correctness of the contract's logic."
"Examine the smart contract code for insecure randomness vulnerabilities (SC08:2023). Identify any usage of weak or predictable sources of randomness. Recommend using secure and tamper-proof sources of randomness such as Chainlink VRF.","The smart contract uses the `block.number` and `block.timestamp` variables to generate random numbers in the `generateRandomNumber` function. However these block variables are not suitable for generating secure randomness because they can be influenced by miners. Miners have some control over the block number and timestamp which means they can manipulate the random number generation to their advantage. This vulnerability allows miners or attackers to predict or bias the random outcomes. To mitigate this vulnerability the contract should use a secure random number generator such as Chainlink VRF (Verifiable Random Function). Chainlink VRF provides a decentralized and tamper-proof way to generate random numbers that cannot be influenced by miners or external parties. It ensures fair and unbiased randomness for critical operations that require unpredictable outcomes."
"Review the smart contract code for gas limit vulnerabilities (SC09:2023). Identify any code patterns or operations that may consume excessive gas and exceed the block gas limit. Suggest optimizing gas usage and implementing gas-efficient coding practices.","The smart contract has a gas limit vulnerability in the `batchTransfer` function. The function allows the contract owner to transfer tokens to multiple recipients in a single transaction. However if the number of recipients is large the function may consume a significant amount of gas potentially exceeding the block gas limit. This could result in the transaction failing and the transfers not being executed. To mitigate this vulnerability the contract should optimize its gas usage by minimizing the number of storage writes and using gas-efficient data structures. For example instead of storing the recipient addresses and amounts in separate arrays the contract could use a mapping to associate each recipient with their respective amount. Additionally the contract could implement a pagination mechanism to process the transfers in smaller batches reducing the gas consumption per transaction."
"Analyze the smart contract code for unchecked external calls vulnerabilities (SC10:2023). Identify any external calls to untrusted contracts or unverified addresses. Recommend using the 'call' function with limited gas and proper error handling.","The smart contract has an unchecked external call vulnerability in the transferTokens function. The function allows the contract owner to transfer tokens to an external address specified by the to parameter. However the function directly calls the transfer function of the token contract without any checks on the destination address. If the to address is an untrusted or malicious contract it can execute arbitrary code and potentially drain the contract's token balance. To mitigate this vulnerability the contract should avoid calling the transfer function directly on an external address. Instead it should use the call function with a limited gas amount to prevent excessive gas consumption and potential reentrancy attacks. The contract should also perform proper error handling and check the return value of the call function to ensure that the token transfer was successful. Additionally the contract can implement a whitelist of trusted addresses or use a contract registry to verify the legitimacy of the destination address before allowing the token transfer."
Review the smart contract code for insecure compiler version vulnerabilities (SWC-102). Identify any usage of outdated or vulnerable compiler versions. Recommend using the latest stable compiler version and specifying the version pragma.,The smart contract does not specify a compiler version pragma which can lead to insecure compiler version vulnerabilities. Without a specified version the contract may be compiled with an outdated or vulnerable compiler version. This can introduce security risks and compatibility issues. To mitigate this vulnerability the contract should include a version pragma at the beginning of the contract code specifying the minimum and maximum compiler versions allowed. For example `pragma solidity ^0.8.0;` ensures that the contract is compiled with a compiler version greater than or equal to 0.8.0 but less than 0.9.0. It is also recommended to use the latest stable compiler version to benefit from the latest security fixes and improvements.
Review the smart contract code for insecure arithmetic operations vulnerabilities. Identify any arithmetic operations that do not consider the possibility of integer overflow underflow or division by zero. Recommend using safe math libraries or explicit checks for arithmetic safety.,The smart contract has an insecure arithmetic operation vulnerability in the `calculateReward` function. The function calculates the reward amount by multiplying the user's balance with a reward rate and then dividing by a fixed denominator. However the function does not check for the possibility of integer overflow during the multiplication which can occur if the user's balance is extremely large. Additionally the function does not handle the case of division by zero if the denominator is set to zero. To mitigate these vulnerabilities the contract should use a safe math library such as OpenZeppelin's `SafeMath` which provides arithmetic operations with built-in overflow and underflow checks. Alternatively the contract can perform explicit checks to ensure that the multiplication result does not exceed the maximum integer value and that the denominator is not zero before performing the division.
Examine the smart contract code for insecure randomness vulnerabilities (SWC-120). Identify any usage of block variables (e.g. `block.timestamp` `block.number`) or other predictable sources for generating randomness. Suggest using a secure random number generator such as Chainlink VRF.,The smart contract uses the `block.timestamp` and `block.difficulty` variables to generate random numbers in the `generateLotteryNumber` function. However these block variables are not suitable for generating secure randomness because they can be influenced by miners. Miners have some control over the timestamp and difficulty of a block which means they can manipulate the random number generation to their advantage. This vulnerability allows miners or attackers to predict or bias the lottery results. To mitigate this vulnerability the contract should use a secure random number generator such as Chainlink VRF (Verifiable Random Function). Chainlink VRF provides a decentralized and tamper-proof way to generate random numbers that cannot be influenced by miners or external parties. It ensures fair and unbiased randomness for critical operations like lottery drawings.
Review the smart contract code for insecure access control vulnerabilities (SWC-105). Identify any functions or variables that have incorrect or missing access modifiers. Recommend using appropriate access modifiers (`public` `private` `internal`) and implementing role-based access control.,The smart contract has an insecure access control vulnerability in the `withdrawFunds` function. The function is marked as `public` allowing any external account to call it and withdraw funds from the contract. However the intended behavior is likely to restrict the withdrawal functionality to only the contract owner or authorized accounts. To mitigate this vulnerability the contract should use appropriate access modifiers. The `withdrawFunds` function should be marked as `internal` or `private` to prevent external access. Additionally the contract should implement role-based access control where only accounts with specific roles (e.g. owner admin) are allowed to perform privileged actions like withdrawing funds. OpenZeppelin's `AccessControl` library can be used to define and manage roles and permissions securely.
Examine the smart contract code for transaction ordering dependence vulnerabilities (SWC-114). Identify any reliance on transaction ordering for critical operations. Suggest using a pre-commit scheme or a batch processing approach to mitigate transaction ordering risks.,The smart contract has a transaction ordering dependence vulnerability in the `buyTokens` function. The function relies on the order of transactions to determine the final token balance of each buyer. If multiple buyers submit transactions simultaneously the order in which the transactions are processed can affect the final token distribution. An attacker can exploit this vulnerability by strategically placing their transaction to gain an advantage. To mitigate this vulnerability the contract should use a pre-commit scheme where buyers first submit their purchase intentions and then confirm their purchases in a separate transaction. Alternatively the contract can use a batch processing approach where all purchases within a specific time window are collected and processed together ensuring a fair distribution of tokens.
Review the smart contract code for unsafe external calls vulnerabilities (SWC-107). Identify any external calls to untrusted contracts or unverified addresses. Recommend using the 'call' function with limited gas and proper error handling.,The smart contract makes an unsafe external call in the `withdrawFunds` function. The function sends the contract's balance to an address provided by the caller without verifying the trustworthiness of the recipient address. This vulnerability allows an attacker to provide a malicious contract address that can execute arbitrary code and potentially drain the contract's funds. To mitigate this vulnerability the contract should avoid sending funds directly to an external address. Instead it should use the `call` function with a limited gas amount and proper error handling. Additionally the contract should implement a withdraw pattern where users first request a withdrawal and then confirm it in a separate transaction giving the contract owner an opportunity to review and approve the withdrawal.
Analyze the smart contract code for missing or inadequate input validation vulnerabilities. Identify any user-supplied inputs that are not properly validated or sanitized. Suggest implementing comprehensive input validation and using safe libraries for input parsing.,The smart contract has missing input validation vulnerabilities in the `setUserRole` function. The function allows the contract owner to set the role of a user based on the provided `roleId` parameter. However the function does not validate the range or validity of the `roleId` before assigning it to the user. This vulnerability allows the owner to accidentally or maliciously assign invalid or unintended roles to users. To mitigate this vulnerability the contract should implement comprehensive input validation. It should check that the `roleId` falls within a valid range and corresponds to a predefined set of roles. Additionally the contract can use safe libraries such as OpenZeppelin's `Roles` library which provides a secure and audited implementation of role-based access control.
Analyze the smart contract code for reentrancy vulnerabilities (SWC-107). Identify any external calls that are made before updating the contract's state. Suggest using the Checks-Effects-Interactions pattern and implementing reentrancy guards.,The smart contract has a reentrancy vulnerability in the `withdrawBalance` function. The function sends the user's balance to their address using the `send` function before updating the user's balance to zero. This allows an attacker to recursively call the `withdrawBalance` function before the balance update takes place potentially draining the contract's funds. To mitigate this vulnerability the contract should follow the Checks-Effects-Interactions (CEI) pattern. The CEI pattern ensures that the contract's state is updated before making any external calls. In this case the user's balance should be set to zero before sending the funds. Additionally the contract can implement a reentrancy guard such as OpenZeppelin's `ReentrancyGuard` which prevents recursive calls to the same function.
Review the smart contract code for insecure contract upgrade vulnerabilities. Identify any issues related to contract upgradability such as improper use of delegatecall or lack of proper access control. Recommend using secure contract upgrade mechanisms such as the proxy pattern.,The smart contract has an insecure contract upgrade vulnerability. The contract uses a `delegatecall` to a user-provided address in the `upgradeContract` function. This allows the contract owner to upgrade the contract's logic by specifying a new implementation address. However the function does not have any access control meaning any user can call it and change the contract's behavior. Additionally the use of `delegatecall` without proper checks can lead to unexpected behavior and vulnerabilities if the new implementation address is not trusted. To mitigate this vulnerability the contract should implement secure contract upgrade mechanisms such as the proxy pattern. The proxy pattern separates the contract's storage and logic allowing the logic to be upgraded while preserving the storage. The contract should also implement access control to ensure that only authorized accounts ( the contract owner) can perform contract upgrades. OpenZeppelin's `TransparentUpgradeableProxy` and `AccessControl` can be used to implement secure and controlled contract upgrades.
Examine the smart contract code for insecure visibility of sensitive data. Identify any sensitive data ( user balances private keys) that is publicly accessible or not properly protected. Suggest using appropriate visibility modifiers and encryption techniques to secure sensitive data.,The smart contract has an insecure visibility of sensitive data vulnerability. The contract stores user balances in a public mapping called `balances` which allows anyone to view the balance of any user by accessing `balances[userAddress]`. This violates user privacy and can expose sensitive financial information. Additionally the contract stores the contract owner's private key in a public variable called `ownerPrivateKey` which is a severe security risk. Anyone can access and misuse the owner's private key. To mitigate these vulnerabilities the contract should use appropriate visibility modifiers. The `balances` mapping should be marked as `private` to restrict access to only within the contract. The `ownerPrivateKey` variable should be removed entirely and the contract owner should manage their private key securely off-chain. If the contract needs to store sensitive data it should use encryption techniques such as hashing or asymmetric encryption to protect the data from unauthorized access.
Review the smart contract code for insecure error handling vulnerabilities. Identify any missing or improper error handling that could lead to unexpected behavior or contract failures. Suggest using require statements with descriptive error messages and implementing proper error propagation.,The smart contract has insecure error handling vulnerabilities in the `transfer` function. The function allows users to transfer tokens to other addresses but does not have proper error handling. If the recipient address is invalid or the sender has insufficient balance the function will silently fail without providing any feedback or reverting the transaction. This can lead to unexpected behavior and loss of funds. To mitigate this vulnerability the contract should use `require` statements with descriptive error messages to validate the input parameters and the contract's state before performing the transfer. For example `require(balances[msg.sender] >= amount \Insufficient balance\);` ensures that the sender has sufficient balance and `require(isValidAddress(recipient) \Invalid recipient address\);` checks if the recipient address is valid. Additionally the contract should propagate errors from any internal or external function calls using `require` statements or by bubbling up the error to the calling function. Proper error handling helps to identify and resolve issues quickly and prevents unexpected contract behavior.
Given the following Solidity smart contract code snippet identify any potential security vulnerabilities such as reentrancy overflow/underflow or improper access control and suggest mitigation strategies., The code snippet exhibits a classic reentrancy vulnerability in the function 'withdrawFunds()' where external calls are made before updating the state. This can be exploited by an attacker to drain the contract's funds. To mitigate this the contract should adhere to the Checks-Effects-Interactions pattern ensuring state updates occur before external calls. Additionally implementing reentrancy guards or utilizing the 'transfer' method for ETH transfers which caps gas and prevents reentrant calls can further secure the contract.
Analyze the following Ethereum smart contract for code efficiency and gas optimization opportunities. Highlight any areas of improvement and provide optimized code examples.,The contract's `for` loop in the `batchTransfer` function iterates over a potentially large array leading to high gas costs. This can be optimized by limiting the number of iterations or employing a pull-over-push pattern for transfers. Additionally the contract uses multiple `require` statements for input validation which can be consolidated to reduce gas costs. An optimized approach would involve using bitwise operations for checks and utilizing storage efficiently such as packing variables.
Review the following smart contract code for potential integer overflow/underflow vulnerabilities. Provide examples of how these vulnerabilities could be exploited and recommend safeguards to prevent them.,The smart contract code contains potential integer overflow/underflow vulnerabilities in the `updateBalance` function. The `amount` parameter is added to the `userBalance` variable without any checks for overflow. If the `amount` is large enough it could cause an overflow resulting in an unexpected balance. Similarly if the `amount` is greater than the current `userBalance` it will cause an underflow setting the balance to a large value. To mitigate these vulnerabilities the contract should use the SafeMath library or perform explicit checks to ensure that arithmetic operations do not result in overflow or underflow. For example using `userBalance = userBalance.add(amount)` with SafeMath or checking `require(amount <= MAX_UINT256 - userBalance)` before addition can prevent overflows.
Examine the access control mechanisms in the provided smart contract. Identify any potential weaknesses that could allow unauthorized access to sensitive functions or state variables. Suggest improvements to strengthen access control.,The smart contract has weak access control mechanisms. The `onlyOwner` modifier is used to restrict access to the `withdrawFunds` function but the `owner` variable is not set in the constructor allowing anyone to call the function. Additionally the `updatePrice` function is public allowing any user to modify the `price` variable. To improve access control the contract should set the `owner` variable in the constructor to the deployer's address and use the `onlyOwner` modifier consistently for privileged functions. Consider implementing role-based access control using libraries like OpenZeppelin's `AccessControl` to define granular roles and permissions. Sensitive state variables should be marked as `private` or `internal` to prevent unauthorized access or modification.
Review the smart contract code for any potential vulnerabilities related to external calls and interactions with other contracts. Provide recommendations for secure practices when interacting with untrusted contracts.,The smart contract makes external calls to untrusted contracts without proper checks or safeguards. In the `investInProject` function the contract sends funds to an external address provided by the caller which could be a malicious contract. This exposes the contract to potential reentrancy attacks or unexpected behavior. To mitigate these risks the contract should use the `transfer` method for sending funds which limits gas and prevents reentrancy. Additionally the contract should perform thorough input validation and checks before interacting with external contracts. Consider using a whitelist of trusted contracts or implementing a contract registry to ensure interactions only occur with vetted and approved contracts.
Examine the error handling and exception management in the given smart contract. Identify any missing or improper error handling that could lead to unexpected behavior or contract failures. Suggest improvements to enhance contract resilience.,The smart contract lacks proper error handling and exception management. The `require` statements used for input validation do not provide informative error messages making it difficult to identify the cause of failures. Additionally the contract does not handle potential exceptions that could be thrown by external calls or low-level operations. To improve error handling the contract should use descriptive error messages in `require` statements allowing users to understand the reason for failures. It should also implement try-catch blocks to handle exceptions gracefully preventing contract failures and ensuring a consistent state. Consider using custom error types or libraries like OpenZeppelin's `Strings` for more expressive error handling.
Review the smart contract code for compliance with relevant token standards (e.g. ERC20 ERC721). Identify any deviations from the standards and suggest necessary modifications to ensure compatibility and interoperability.,The smart contract aims to implement the ERC20 token standard but it has several deviations and missing functionalities. The contract does not include the `decimals` variable which is required by the ERC20 standard to specify the number of decimal places for token values. Additionally the contract is missing the `allowance` and `approve` functions which are essential for token authorization and spending by third parties. To ensure full compliance with the ERC20 standard the contract should add the missing `decimals` variable and implement the `allowance` and `approve` functions according to the standard's specifications. Consider using OpenZeppelin's `ERC20` contract as a base to ensure a compliant and secure implementation.
Analyze the smart contract code for any reliance on block timestamps. Highlight potential vulnerabilities associated with timestamp manipulation and propose alternative approaches for time-dependent functionality.,The smart contract relies on block timestamps for critical functionality such as determining the start and end times of a crowdsale. However block timestamps can be manipulated by miners to a certain extent which can lead to vulnerabilities and unexpected behavior. An attacker could potentially manipulate the timestamp to bypass time-based restrictions or gain unintended advantages. To mitigate timestamp dependence the contract should consider using block numbers instead of timestamps for time-based logic. Block numbers are more reliable and resistant to manipulation. Alternatively if timestamps are necessary the contract should use a time-weighted average or an oracle to obtain a more trustworthy timestamp. It's also important to allow for a certain degree of tolerance when comparing timestamps to account for potential discrepancies.
Examine the smart contract code for potential Denial of Service (DoS) vulnerabilities. Identify any code patterns or dependencies that could be exploited to disrupt contract functionality. Recommend mitigation strategies to prevent DoS attacks.,The smart contract contains a potential DoS vulnerability in the `distributeRewards` function. The function iterates over an array of user addresses to distribute rewards but there is no limit on the array size. An attacker could create a large number of user accounts causing the function to consume excessive gas and potentially exceed the block gas limit. This would prevent the function from completing successfully effectively rendering the contract unusable. To mitigate this DoS risk the contract should implement pagination or batching mechanisms to process arrays in smaller chunks. Instead of iterating over the entire array at once the function could process a fixed number of users per transaction allowing for gradual processing and avoiding gas limit issues. Additionally the contract could enforce a maximum limit on the number of users or implement a pull-based distribution model where users claim their rewards individually.
Analyze the smart contract code for potential reentrancy vulnerabilities (SWC-107). Identify any external calls that could be exploited by an attacker to drain funds. Suggest mitigation strategies to prevent reentrancy attacks.,The smart contract contains a reentrancy vulnerability in the `withdraw` function. The function sends the requested amount to the caller before updating the balance allowing an attacker to recursively call the function and drain the contract's funds. To mitigate this vulnerability the contract should follow the Checks-Effects-Interactions pattern ensuring that the balance is updated before making the external call. Additionally using a reentrancy guard or a mutex lock can prevent recursive calls and protect against reentrancy attacks.
Examine the smart contract code for unauthorized access vulnerabilities (SWC-115). Identify any functions or state variables that lack proper access control mechanisms. Suggest implementing appropriate modifiers or role-based access control to restrict unauthorized access.,The smart contract has an unauthorized access vulnerability in the `setOwner` function. The function allows any caller to change the owner of the contract without any access control. This could lead to unauthorized modifications and loss of control over the contract. To mitigate this vulnerability the contract should implement an `onlyOwner` modifier that restricts access to the `setOwner` function only to the current owner. Additionally consider using a role-based access control system such as OpenZeppelin's AccessControl to define and manage different roles and permissions within the contract.
"Review the smart contract code for vulnerabilities related to front-running attacks (SWC-114). Identify any opportunities for malicious actors to manipulate transaction ordering for personal gain. Suggest using a commit-reveal scheme or a fair ordering mechanism to mitigate front-running risks.","The smart contract is vulnerable to front-running attacks in the buyToken function. The function relies on the transaction ordering to determine the price and availability of tokens. An attacker can monitor the transaction pool and quickly submit their own transaction with a higher gas price to have it mined before the original transaction. This allows the attacker to purchase tokens at a lower price or deplete the available supply before other users. To mitigate this vulnerability the contract can implement a commit-reveal scheme. In a commit-reveal scheme users submit a cryptographic commitment of their intended action (e.g. buying tokens) in one transaction and then reveal the actual action in a separate transaction. This makes it difficult for attackers to manipulate the transaction ordering. Alternatively using a fair ordering mechanism such as a batch auction or a time-weighted average price (TWAP) can help mitigate front-running risks."
"Analyze the smart contract code for insecure coding patterns and practices. Identify any usage of low-level calls delegatecall or inline assembly. Suggest using safe abstractions and well-tested libraries to avoid introducing vulnerabilities.","The smart contract uses low-level call and delegatecall operations in the executeTransaction function. These low-level operations can be dangerous if not used correctly as they allow the contract to interact with arbitrary addresses and execute arbitrary code. Insecure usage of these operations can lead to vulnerabilities such as reentrancy attacks or unexpected behavior. To mitigate these risks the contract should avoid using low-level operations whenever possible and instead rely on safe abstractions and well-tested libraries. For example using the OpenZeppelin library's Address and SafeERC20 utilities can provide secure ways to interact with addresses and tokens. If low-level operations are necessary they should be used with extreme caution and thoroughly tested to ensure their safety."
"Analyze the smart contract code for transaction ordering dependence vulnerabilities (SWC-114). Identify any reliance on transaction ordering for critical operations. Suggest using a pre-commit scheme or a batch processing approach to mitigate transaction ordering risks.","The smart contract has a transaction ordering dependence vulnerability in the approveBid function. The function approves the highest bidder based on the order in which bids are received. If multiple users submit bids simultaneously the order in which the bids are processed can affect the outcome of the auction. An attacker can exploit this vulnerability by strategically placing their bid transaction to win the auction even if their bid is not the highest. To mitigate this vulnerability the contract should use a pre-commit scheme where bidders first submit sealed bids (e.g. hashed bids) and then reveal their actual bids in a separate transaction. This ensures that the bid values are not visible until all bids are submitted preventing any manipulation based on transaction ordering. Alternatively the contract can use a batch processing approach where all bids within a specific time window are collected and the highest bid is determined based on the bid values rather than the transaction order."
"Review the smart contract code for insecure external calls vulnerabilities (SWC-107). Identify any external calls to untrusted contracts or unverified addresses. Recommend using the 'call' function with limited gas and proper error handling.","The smart contract has an insecure external call vulnerability in the transferTokens function. The function allows the contract owner to transfer tokens to an external address specified by the to parameter. However the function directly calls the transfer function of the token contract without any checks on the destination address. If the to address is an untrusted or malicious contract it can execute arbitrary code and potentially drain the contract's token balance. To mitigate this vulnerability the contract should avoid calling the transfer function directly on an external address. Instead it should use the call function with a limited gas amount to prevent excessive gas consumption and potential reentrancy attacks. The contract should also perform proper error handling and check the return value of the call function to ensure that the token transfer was successful. Additionally the contract can implement a whitelist of trusted addresses or use a contract registry to verify the legitimacy of the destination address before allowing the token transfer."
prompt,completion
Given the following Solidity smart contract code snippet identify any potential security vulnerabilities such as reentrancy overflow/underflow or improper access control and suggest mitigation strategies.,The code snippet exhibits a classic reentrancy vulnerability in the function 'withdrawFunds()' where external calls are made before updating the state. This can be exploited by an attacker to drain the contract's funds. To mitigate this the contract should adhere to the Checks-Effects-Interactions pattern ensuring state updates occur before external calls. Additionally implementing reentrancy guards or utilizing the 'transfer' method for ETH transfers which caps gas and prevents reentrant calls can further secure the contract.
Analyze the following Ethereum smart contract for code efficiency and gas optimization opportunities. Highlight any areas of improvement and provide optimized code examples.,The contract's `for` loop in the `batchTransfer` function iterates over a potentially large array leading to high gas costs. This can be optimized by limiting the number of iterations or employing a pull-over-push pattern for transfers. Additionally the contract uses multiple `require` statements for input validation which can be consolidated to reduce gas costs. An optimized approach would involve using bitwise operations for checks and utilizing storage efficiently such as packing variables.
Review the following smart contract code for potential integer overflow/underflow vulnerabilities. Provide examples of how these vulnerabilities could be exploited and recommend safeguards to prevent them.,The smart contract code contains potential integer overflow/underflow vulnerabilities in the `updateBalance` function. The `amount` parameter is added to the `userBalance` variable without any checks for overflow. If the `amount` is large enough it could cause an overflow resulting in an unexpected balance. Similarly if the `amount` is greater than the current `userBalance` it will cause an underflow setting the balance to a large value. To mitigate these vulnerabilities the contract should use the SafeMath library or perform explicit checks to ensure that arithmetic operations do not result in overflow or underflow. For example using `userBalance = userBalance.add(amount)` with SafeMath or checking `require(amount <= MAX_UINT256 - userBalance)` before addition can prevent overflows.
Examine the access control mechanisms in the provided smart contract. Identify any potential weaknesses that could allow unauthorized access to sensitive functions or state variables. Suggest improvements to strengthen access control.,The smart contract has weak access control mechanisms. The `onlyOwner` modifier is used to restrict access to the `withdrawFunds` function but the `owner` variable is not set in the constructor allowing anyone to call the function. Additionally the `updatePrice` function is public allowing any user to modify the `price` variable. To improve access control the contract should set the `owner` variable in the constructor to the deployer's address and use the `onlyOwner` modifier consistently for privileged functions. Consider implementing role-based access control using libraries like OpenZeppelin's `AccessControl` to define granular roles and permissions. Sensitive state variables should be marked as `private` or `internal` to prevent unauthorized access or modification.
Review the smart contract code for any potential vulnerabilities related to external calls and interactions with other contracts. Provide recommendations for secure practices when interacting with untrusted contracts.,The smart contract makes external calls to untrusted contracts without proper checks or safeguards. In the `investInProject` function the contract sends funds to an external address provided by the caller which could be a malicious contract. This exposes the contract to potential reentrancy attacks or unexpected behavior. To mitigate these risks the contract should use the `transfer` method for sending funds which limits gas and prevents reentrancy. Additionally the contract should perform thorough input validation and checks before interacting with external contracts. Consider using a whitelist of trusted contracts or implementing a contract registry to ensure interactions only occur with vetted and approved contracts.
Examine the error handling and exception management in the given smart contract. Identify any missing or improper error handling that could lead to unexpected behavior or contract failures. Suggest improvements to enhance contract resilience.,The smart contract lacks proper error handling and exception management. The `require` statements used for input validation do not provide informative error messages making it difficult to identify the cause of failures. Additionally the contract does not handle potential exceptions that could be thrown by external calls or low-level operations. To improve error handling the contract should use descriptive error messages in `require` statements allowing users to understand the reason for failures. It should also implement try-catch blocks to handle exceptions gracefully preventing contract failures and ensuring a consistent state. Consider using custom error types or libraries like OpenZeppelin's `Strings` for more expressive error handling.
Review the smart contract code for compliance with relevant token standards (e.g. ERC20 ERC721). Identify any deviations from the standards and suggest necessary modifications to ensure compatibility and interoperability.,The smart contract aims to implement the ERC20 token standard but it has several deviations and missing functionalities. The contract does not include the `decimals` variable which is required by the ERC20 standard to specify the number of decimal places for token values. Additionally the contract is missing the `allowance` and `approve` functions which are essential for token authorization and spending by third parties. To ensure full compliance with the ERC20 standard the contract should add the missing `decimals` variable and implement the `allowance` and `approve` functions according to the standard's specifications. Consider using OpenZeppelin's `ERC20` contract as a base to ensure a compliant and secure implementation.
Analyze the smart contract code for any reliance on block timestamps. Highlight potential vulnerabilities associated with timestamp manipulation and propose alternative approaches for time-dependent functionality.,The smart contract relies on block timestamps for critical functionality such as determining the start and end times of a crowdsale. However block timestamps can be manipulated by miners to a certain extent which can lead to vulnerabilities and unexpected behavior. An attacker could potentially manipulate the timestamp to bypass time-based restrictions or gain unintended advantages. To mitigate timestamp dependence the contract should consider using block numbers instead of timestamps for time-based logic. Block numbers are more reliable and resistant to manipulation. Alternatively if timestamps are necessary the contract should use a time-weighted average or an oracle to obtain a more trustworthy timestamp. It's also important to allow for a certain degree of tolerance when comparing timestamps to account for potential discrepancies.
Examine the smart contract code for potential Denial of Service (DoS) vulnerabilities. Identify any code patterns or dependencies that could be exploited to disrupt contract functionality. Recommend mitigation strategies to prevent DoS attacks.,The smart contract contains a potential DoS vulnerability in the `distributeRewards` function. The function iterates over an array of user addresses to distribute rewards but there is no limit on the array size. An attacker could create a large number of user accounts causing the function to consume excessive gas and potentially exceed the block gas limit. This would prevent the function from completing successfully effectively rendering the contract unusable. To mitigate this DoS risk the contract should implement pagination or batching mechanisms to process arrays in smaller chunks. Instead of iterating over the entire array at once the function could process a fixed number of users per transaction allowing for gradual processing and avoiding gas limit issues. Additionally the contract could enforce a maximum limit on the number of users or implement a pull-based distribution model where users claim their rewards individually.
Review the smart contract code for vulnerabilities related to front-running attacks. Identify any opportunities for malicious actors to manipulate transaction ordering for personal gain. Suggest countermeasures to mitigate front-running risks.,The smart contract is vulnerable to front-running attacks in the `buyToken` function. The function relies on the transaction ordering to determine the price and availability of tokens. A malicious actor could observe pending transactions and quickly submit their own transaction with a higher gas price to have it mined before the original transaction. This would allow them to purchase tokens at a lower price or deplete the available supply before other users. To mitigate front-running risks the contract could implement a commit-reveal scheme or use a batch auction mechanism. In a commit-reveal scheme users submit hashed commitments of their intended actions and the actual actions are revealed and executed in a separate transaction making it difficult for attackers to manipulate the ordering. Alternatively a batch auction mechanism could be used where all transactions within a specific time window are collected and executed together reducing the impact of front-running. Additionally using a decentralized oracle or a price feed with a time-weighted average can help mitigate price manipulation attempts.
Analyze the smart contract code for potential reentrancy vulnerabilities (SWC-107). Identify any external calls that could be exploited by an attacker to drain funds. Suggest mitigation strategies to prevent reentrancy attacks.,The smart contract contains a reentrancy vulnerability in the `withdraw` function. The function sends the requested amount to the caller before updating the balance allowing an attacker to recursively call the function and drain the contract's funds. To mitigate this vulnerability the contract should follow the Checks-Effects-Interactions pattern ensuring that the balance is updated before making the external call. Additionally using a reentrancy guard or a mutex lock can prevent recursive calls and protect against reentrancy attacks.
Review the smart contract code for integer overflow and underflow vulnerabilities (SWC-101). Identify any arithmetic operations that could result in unexpected behavior due to overflow or underflow. Recommend using safe math libraries or explicit checks to prevent these vulnerabilities.,The smart contract is susceptible to integer overflow and underflow vulnerabilities in the `transfer` function. The function performs arithmetic operations on the `balances` mapping without any checks for overflow or underflow. If the `amount` parameter is large enough it could cause an overflow leading to unexpected behavior. To mitigate this vulnerability the contract should use a safe math library such as OpenZeppelin's SafeMath which performs arithmetic operations with built-in overflow and underflow checks. Alternatively explicit checks can be added to ensure that the result of the arithmetic operation does not exceed the maximum or minimum possible values.
Examine the smart contract code for unauthorized access vulnerabilities (SWC-115). Identify any functions or state variables that lack proper access control mechanisms. Suggest implementing appropriate modifiers or role-based access control to restrict unauthorized access.,The smart contract has an unauthorized access vulnerability in the `setOwner` function. The function allows any caller to change the owner of the contract without any access control. This could lead to unauthorized modifications and loss of control over the contract. To mitigate this vulnerability the contract should implement an `onlyOwner` modifier that restricts access to the `setOwner` function only to the current owner. Additionally consider using a role-based access control system such as OpenZeppelin's AccessControl to define and manage different roles and permissions within the contract.
Review the smart contract code for insecure randomness vulnerabilities (SWC-120). Identify any usage of weak or predictable sources of randomness. Recommend using secure and tamper-proof sources of randomness such as Chainlink VRF.,The smart contract uses the `block.timestamp` as a source of randomness in the `generateRandomNumber` function. However `block.timestamp` is not a secure source of randomness as it can be manipulated by miners. This vulnerability allows attackers to predict or influence the generated random numbers leading to unfair outcomes or exploits. To mitigate this vulnerability the contract should use a secure and tamper-proof source of randomness such as Chainlink VRF (Verifiable Random Function). Chainlink VRF provides a decentralized and verifiable way to generate random numbers that cannot be manipulated by miners or external parties.
Analyze the smart contract code for potential denial of service vulnerabilities (SWC-128). Identify any code patterns or dependencies that could be exploited to disrupt contract functionality. Suggest implementing gas limits pagination or circuit breakers to prevent denial of service attacks.,The smart contract has a potential denial of service vulnerability in the `distributeRewards` function. The function loops through an array of user addresses to distribute rewards. If the array becomes very large the function may consume excessive gas and exceed the block gas limit causing the transaction to fail. An attacker could exploit this vulnerability by creating a large number of user accounts making it impossible to distribute rewards. To mitigate this vulnerability the contract should implement pagination or batching techniques to process the array in smaller chunks. Additionally setting a gas limit for the function or implementing a circuit breaker mechanism that pauses the distribution process if a certain condition is met can help prevent denial of service attacks.
Review the smart contract code for vulnerabilities related to front-running attacks (SWC-114). Identify any opportunities for malicious actors to manipulate transaction ordering for personal gain. Suggest using a commit-reveal scheme or a fair ordering mechanism to mitigate front-running risks.,The smart contract is vulnerable to front-running attacks in the `buyToken` function. The function relies on the transaction ordering to determine the price and availability of tokens. An attacker can monitor the transaction pool and quickly submit their own transaction with a higher gas price to have it mined before the original transaction. This allows the attacker to purchase tokens at a lower price or deplete the available supply before other users. To mitigate this vulnerability the contract can implement a commit-reveal scheme. In a commit-reveal scheme users submit a cryptographic commitment of their intended action (e.g. buying tokens) in one transaction and then reveal the actual action in a separate transaction. This makes it difficult for attackers to manipulate the transaction ordering. Alternatively using a fair ordering mechanism such as a batch auction or a time-weighted average price (TWAP) can help mitigate front-running risks.
Examine the smart contract code for timestamp dependence vulnerabilities (SWC-116). Identify any reliance on block timestamps for critical functionality. Recommend using block numbers or an oracle for time-dependent operations.,The smart contract relies on block timestamps for determining the start and end times of the token sale in the `startSale` and `endSale` functions. However block timestamps can be manipulated by miners to a certain extent which can lead to vulnerabilities and unexpected behavior. An attacker could potentially manipulate the timestamp to bypass time-based restrictions or gain unintended advantages. To mitigate this vulnerability the contract should consider using block numbers instead of timestamps for time-dependent operations. Block numbers are more reliable and resistant to manipulation. Alternatively if timestamps are necessary the contract can use an oracle to obtain a trusted and tamper-proof timestamp from an external source.